Property_id,Rent
4394,450.4748861644173
2338,666.5031184477975
8531,757.3658528030014
8952,348.7850323308458
11064,291.3095188539829
10336,771.7127670402922
12954,926.5769499475034
219,400.0
1599,587.7952197216817
7572,444.2262641200956
170,1100.0
6658,366.1876266670225
3616,323.4763389889999
7772,335.04472574690635
1214,800.0
8197,459.2426818411361
9892,283.4714069439507
1635,820.6452368737478
7403,989.5045223557966
4468,321.9922814205563
13081,669.4597080247156
13917,241.75217910218436
4049,2296.937335860627
2145,304.31311289562706
2125,736.2042578168766
1580,483.89390158416865
3828,953.1677087307232
10858,465.93664527630096
2999,819.9700719305943
3834,795.7829430618657
11267,539.6489319961867
11904,642.6809359184883
5514,653.2993159916384
8697,194.6351148818647
3466,476.17724658699484
8217,1056.471321369181
4230,283.116112869303
10598,237.24187338245025
2920,503.386626364873
328,420.0
10668,913.2666511862838
2911,395.54728765856936
5039,557.5633024355184
7590,359.00584815868785
5757,380.63575478445557
9697,515.4110707022644
3859,1237.9633932791662
11365,748.6399404486789
1984,438.4698095288532
6033,511.40893910124544
10816,159.26407215283695
11981,637.8777392962072
7883,391.33409384314257
6166,394.8610110581116
7769,365.38775157645034
8087,380.57328297184506
5504,459.96491885081525
11853,388.99765843994334
7768,247.95263559820356
9232,272.145691050622
9695,795.1070750759843
7477,810.1026251679649
12232,572.8441893286507
6795,349.3901843518385
5624,387.103358466249
3600,492.69407060640157
11199,345.25355834937307
3681,700.0
169,691.741899485799
9531,652.3604151124491
1329,1133.8676035388662
2237,172.32839316943875
1079,500.74705568524837
8500,1375.4967406416274
456,549.4545259070405
8010,1071.7368313151946
9407,294.6399404031704
9538,281.27598289181094
3015,303.5543651052315
2583,343.0485624577221
10125,429.2574931793434
11959,506.0105106243067
4878,780.3014128055188
10070,399.4170973308783
7151,180.0
736,416.30733128483166
12765,845.3984963403886
3480,133.2895312109448
1800,750.0
3602,695.0973935423781
8279,1101.6139222454622
12788,355.23918433657707
3572,511.5769597141781
2925,339.9567056636133
2620,800.0
1924,647.9238623812977
12650,376.0171396458685
11699,695.7211730094933
4297,460.9100586033447
12435,389.0232317354191
4092,316.92956871768547
400,227.60737114304146
4801,443.6415239958336
11378,481.1703910475626
8328,1208.679988782255
7808,264.4832412923904
13578,385.73122852679336
13020,147.6726604076386
6346,726.3145045949109
3014,378.31654721835696
8117,253.21839726017782
7525,388.97371473210046
13577,229.3487781924777
11472,268.2654836463581
9461,426.8867638777981
11815,324.86506200383985
3345,580.5410381355341
12663,1231.1682104898618
13302,573.8842903393413
291,380.5995687044649
8240,1024.501797549408
13184,548.3096307353981
7310,296.01692022793645
2819,265.0790842310673
3406,332.6028110523291
3543,379.4902990548091
8359,412.86193977758734
1689,494.1553501556773
11850,293.0457885261828
11018,660.5289604714492
6426,280.0
8280,605.1951275498518
7568,384.62489622153817
8539,763.7752861489844
3032,380.0
3596,334.0636575470861
7597,1213.008491902046
5730,250.0
13214,193.13880490799193
609,386.9369641800946
7751,1500.0
12177,515.6710667677602
9623,373.17210652035556
13033,181.84987834677304
13331,349.9232627361806
6196,825.0
5480,1295.7178389292371
1845,342.848558368058
2770,598.917626849821
8251,477.809016990907
10862,410.14397207208367
1744,550.0
9367,840.2817754643762
6089,1377.7931068697897
3618,367.3365711449409
10180,368.9948478698998
11445,495.1173311391157
13836,240.39553665595594
4100,561.0342893287575
8744,462.26818065566783
2068,425.4171759413452
13015,597.3173484620875
13960,240.0
13336,400.6052451838143
8456,1241.7962673512966
1966,688.0199419311798
10748,286.5394565030829
11370,310.4159784201944
9658,1242.6271257245578
8694,289.82835235627874
12832,936.1561584336995
10698,1259.1414086604689
13473,694.5983117231365
2994,462.5754528301363
4169,351.18793333690996
10428,149.14638017028625
7920,425.66473855889103
12383,335.0940543351867
5072,547.1641119038468
10872,534.8264626486817
4463,460.9065739168779
5652,428.0111671998355
12837,500.0
12713,830.6155507764512
10292,256.55208800924737
11431,430.08030458997564
1963,411.1869399295905
1770,234.13678763272588
11403,783.1177244033232
3996,420.03469399813
7925,478.21796864430075
10045,1281.311024690302
1958,400.9177384408264
4818,338.55318957968365
11355,202.7480222120589
6076,708.0
8075,826.4567885922797
8871,1106.55872210907
4266,247.3049954670699
13205,853.8371449084366
12256,287.43975096817707
3647,500.0
11286,701.8133845589698
7454,260.15365357754024
10121,557.6303239476881
12063,817.131896131621
8939,444.0877529390709
8643,285.5117233022303
733,406.0642806373169
796,444.54362319700374
1594,552.4259919246223
7429,786.0791151086096
9090,272.5399777635713
11220,285.6189371732842
5835,525.0632509526058
10035,525.7999135381301
411,230.34454782771087
2120,501.40766605322625
10640,594.7778168926359
6097,966.913230306298
1922,512.584003978122
2141,406.43185305819475
3856,680.3785334326965
9726,280.0
12157,445.58731209297844
8927,525.7813622441427
1490,656.9777142231842
9026,363.074931348015
11508,330.0
7766,395.6558890264894
6866,501.8207301119795
8487,440.989231644582
5251,1041.1143381202983
3692,1013.0212946463266
6552,1300.0
904,871.8922105259664
12219,325.68660723282653
488,330.0
4163,442.90288175250913
14011,443.16513717128555
12246,332.78444266647864
8911,588.0994296743295
903,281.74636049363573
2013,1215.1417002271403
4191,263.56980583919346
4862,303.84706784498076
5229,382.4072208399849
6105,403.4387455501495
10445,737.7786697630409
15,750.0
3593,1020.411109150331
7029,276.44150071185675
13066,826.4113436987445
10751,503.72038918495247
10466,547.0901026478996
7074,687.5746422258892
10672,347.79542134960906
9108,258.7491458322969
7915,534.0998708286545
13147,352.66204725546964
3223,529.7915733333559
13807,626.6331542306598
12173,274.189492461731
6585,426.03174210855593
1517,1204.490386917539
4521,377.9938042718718
3208,422.62361619859234
2457,369.47637208854064
1359,1117.3698152283735
7439,1024.2805862204896
8792,417.8870336905153
7229,679.8023534572638
12797,862.5386588243393
6456,1012.8935630219355
8077,148.34033402813026
2035,226.87320105533547
9523,452.230078984074
1347,368.67013459408076
287,408.759217174272
9591,1130.3346560204666
3523,692.738364969769
3209,500.94972915844875
8424,603.3694840261837
8463,162.60640251660647
3479,607.7489989441427
1108,799.606215054004
3705,317.31367948017254
2361,793.8503398612477
4994,997.699308340498
10307,256.37882123037036
2311,567.6168396423493
10194,386.1766338444797
7692,813.3429407404277
5764,390.04806452648614
1748,726.4116697741906
2632,650.0
7110,447.6756192624845
9882,433.53118745137465
2693,1094.816647736266
5640,272.59332343084833
13432,138.65943043930082
10257,369.94652736387286
10033,345.16901139900534
1581,572.4904347759034
9024,374.94005789294647
1663,594.496772878138
9764,964.8304220860969
7641,1124.3241684772386
8622,1049.9126478014646
4906,369.7924245445112
354,784.9205385752432
6303,1609.3451353692894
5999,1129.8524447684695
10158,318.9106274449106
2958,624.991917985481
3653,723.6414952621712
1796,304.09789117549855
12426,407.9938808531234
1607,550.0
2715,499.01337963093414
10401,350.87709493810246
2590,368.8644954139883
3380,391.7060356696321
9192,314.69654962552
1990,163.06680880360085
11233,277.7047778349316
13631,843.2491914188354
8566,838.9168057194793
14058,650.0
12277,835.1901267877022
2110,352.8921079443944
4166,502.52565572943723
6553,497.0238146814158
4190,331.597214616036
10711,470.6924239894258
1419,424.7877187675077
174,580.1828086735669
7609,377.2260300541614
1784,1193.814973441772
9775,1476.5887000818468
7475,192.62619590433889
3679,600.0
7638,420.52826076051235
6576,1196.0985927328934
4510,431.72907891318255
10141,619.7799204646709
10236,436.87898857712906
100,600.0
7489,486.31164065967283
1698,467.6603401763924
6957,219.08014991837362
3777,592.9724510515798
6974,365.6036402504332
12804,414.7298896833573
1723,1481.5844053896644
4503,448.2441720323157
8305,436.16581756013784
837,739.9368410571776
12656,341.6495997652
8028,326.24251755026285
10547,293.4386554727233
6715,629.7720527987917
4046,1516.2083459946605
1062,368.3079792790076
7628,564.3629479272008
7497,975.4325032938797
13167,800.4703844823177
5728,295.0
8743,888.459038495517
11170,963.6460013930255
7502,488.5869510818022
11062,789.0285727335723
5207,603.0277327377382
9839,251.01058644384216
10889,346.61290821143433
3419,1487.4093408745807
795,366.99184236253893
1535,355.4342622340902
1040,673.1352760850385
5002,593.7121084236162
10696,484.2642692673734
11125,641.5616534218435
8421,693.7717258352656
1618,550.0
6400,381.71904142579876
8483,381.660784166932
9163,977.7762476318597
5036,745.5848395608724
8673,400.4178933361458
9229,244.59447113299203
5445,140.49429970649442
6910,1300.0
281,1054.0406451525823
1115,344.94666613643335
773,317.9623928058309
709,405.96065400462453
13288,862.6167027027034
10826,237.28390500749077
7317,696.2367211976431
12448,321.55736524658624
9162,427.02947055346107
11877,220.0
3704,302.72203581030163
10435,352.21704004735454
2875,397.40556591513655
5427,409.71380906671
7823,550.257238290915
7158,504.9246012531088
3446,295.3803851625575
12483,451.1678747011668
12967,629.9653616410496
978,417.52729752183154
4401,200.0
32,900.0
5340,317.2789776104304
1576,395.80036435618354
340,370.0
8779,498.3184705443451
11735,331.84565725449534
4368,299.9882463482031
6747,1111.8095875724619
2086,240.80066826141012
11243,335.73290826428547
7554,1220.9295879445901
6299,425.74987551887773
2496,1680.661395100622
3956,487.92811820447366
3939,332.99358654477606
11014,147.08158546575243
9631,313.6198602404329
3515,261.5749107106708
3342,585.0693716334147
469,2566.768038988438
12488,229.00197037825092
4465,1082.7138779536058
11219,494.98522596871226
4342,506.06794922447625
7982,377.98502984290195
6302,489.6105658002774
2975,409.5563981772192
103,950.0
2202,250.39918535721557
3781,393.89545171832407
6462,796.1757796083114
2460,465.790644071407
5217,297.0770148842642
3920,755.9989790031186
5372,326.6820409729316
8288,460.1175856734288
11709,420.5269630070051
2440,193.68655314239402
9103,451.2736475192024
8467,1117.4684519180546
10494,223.29402536484707
6070,234.8950593989333
8766,406.9609094079154
5748,676.0705325636541
9244,377.00085256191073
8630,314.16512174827
14047,409.4559923483044
8508,623.1625522864929
7259,862.8061645073992
12605,359.0757012259885
9945,499.3322701128811
9380,918.3480705218675
6202,1300.0
3786,908.4316819633857
5660,383.853486335248
9465,616.5791613977582
12190,311.96494846847133
3026,754.6565214906493
5913,948.5255472754679
10260,1261.1282668474228
4639,462.9696754003512
9728,470.19403370937954
5141,1004.9648907602069
11319,471.77824709278383
8551,2167.8867310086544
5080,469.55875877232506
625,450.0
7137,562.3040589587515
5923,590.7299368153783
7255,288.08529920617076
12729,170.0
11108,1189.4301254835118
9460,396.04806564172384
10535,350.0
6373,366.51618456731745
11851,445.43320648223363
10586,1121.2383024541905
6344,453.51175009474565
10145,1110.637659002205
1769,255.914182925794
6903,750.0
361,1500.0
4605,492.28566190153407
13937,230.0
10086,268.42249518103927
182,120.0
3025,350.1812195173321
8560,837.9228096433523
748,711.526558385294
2535,266.36459980478844
7969,1064.159201194175
4964,642.0743683881128
3822,693.4654959913029
4044,858.5909019982098
4353,1406.1559819742574
3951,477.7696067806146
4065,638.9486987968265
12610,443.57857752700943
1890,281.1634798881267
4402,439.4918403295228
12208,811.7806057886496
2929,401.22950883962994
1112,391.82080105750515
6490,799.0372836820923
5847,510.05965834211304
6193,362.8655142966138
1563,468.63118318023413
7145,1460.961569162437
12933,431.06462041280696
11962,768.148637640686
11555,265.6299227926962
12285,490.09645204782225
11515,492.84455641267346
10702,950.0
285,462.4780938652643
11725,972.0101248740503
13061,442.20972320291366
11201,416.15154528553694
2502,273.98852975145763
12251,399.94066356381825
1262,309.01873897916477
6235,1698.6967786383088
10058,481.5824372994123
9774,1204.5948018651786
7059,874.7477298221163
5965,355.0289232026914
10779,954.8905832921722
3300,569.1000151593971
1715,555.7544718718663
4751,412.4780619781136
9417,1003.6263748523821
13150,405.8632547738506
10079,1277.2429291005903
5174,277.73172835544824
12856,733.8851989600277
10664,700.5844501619513
8109,238.07229042454927
11056,581.5538101080979
11180,274.91117954066453
3144,236.83218044671594
5921,375.5923489462889
7277,276.64995899282246
8247,524.0297392150098
11942,413.7829148518705
12160,305.19786587573486
3001,415.26914136908374
10018,261.2748850208682
9820,433.83683627553944
13525,259.221772558502
2118,393.1757776133488
2484,244.85960568818888
2910,910.1168456609232
5033,905.1196321664077
9258,332.81179249293314
11002,511.5204613647187
1494,382.396929215207
2326,267.3780158973094
7865,594.823327706787
2082,379.0545130964364
12487,633.6041782761288
3892,1530.6072895061043
7513,384.1781269254718
7384,475.7341222758213
9397,679.8877564726818
12295,294.7509645742348
7860,660.2544873063378
7713,333.27110309845006
1531,341.09191619143064
13319,201.25574302765995
9640,1531.1695465282114
4314,336.2545858338367
9582,457.89467679410063
10192,887.6602142986317
7646,275.75940876948783
10080,789.2554546663255
4694,301.51429774704854
2184,383.9341218335389
14020,635.8703547354849
8375,397.16978339341534
8654,276.00590840680235
7964,433.4762492194268
6148,706.7712598492119
9702,998.6898751570234
451,300.0
2936,534.0163116989993
12767,500.4803909324535
13158,569.2805132581884
9962,330.98843984063785
2520,318.1805384343229
13813,144.16519866410897
8746,1387.3997438163046
5063,713.9869982392574
8118,326.2932893228274
1741,687.1629636060094
7031,219.19849432349275
2302,866.5068460733412
10666,476.5958799075736
2537,349.2653199526854
1612,969.2398778691636
9602,266.47267124560756
7904,550.4284303233605
11648,472.96598609618513
5264,803.2243074808098
3942,1298.8225010644207
1476,1017.700978541628
2453,193.03313239168745
178,450.0
11497,353.72731717334574
13095,909.053289508897
13750,398.6102688535011
12754,1900.5419072892182
458,273.3822366436322
1011,459.9525929187069
6153,499.23596762079376
2479,538.7335648690882
3888,620.5498523292563
12833,232.81725657081546
64,691.741899485799
3283,303.8536345562316
971,1089.1431297038516
6378,448.72689437796106
9037,834.2355471046986
9097,970.1489168628569
13703,241.89245034575563
1248,800.0
6862,730.0273411623157
8181,409.40361698786865
7230,1400.4625970463571
11184,431.0317693932177
2026,320.96452042034775
380,933.7644694494196
3317,297.3379521223932
8389,268.67848986006817
7799,385.6685235108505
10475,367.978887730839
8238,917.0567670091864
4202,1035.0284331004354
1023,375.46672291518263
8656,306.180274207919
7307,386.9217686133113
1721,466.9743597316924
6555,925.0979459759359
11789,414.2419181202226
5124,660.9833163127088
6843,589.5603639269358
7718,650.2752884048296
6419,1068.5795324886353
3571,336.3738533583589
10203,479.1939990466277
11287,416.9493766858718
12398,473.1749914725582
11865,301.2281272086803
9028,1445.0791697728944
9,1200.0
8728,250.7058626186698
5900,1531.9353422587183
4192,581.9288695996136
5007,166.22533548237993
10369,283.4052896122515
4983,820.9327634690635
7055,390.7490521568313
9312,260.687985867084
6441,439.6364373875041
9533,280.83171147873725
11915,477.5226087862112
8184,277.974567041522
7637,787.6693551969304
5863,686.5570559181418
6626,929.361698109078
9705,354.6929652639243
8795,354.3960965663847
1767,325.09914211879953
10359,712.8902957598381
7959,360.52778066092594
2821,230.40078395642104
2343,317.4207167047669
8558,595.506039377904
10373,254.5173566033599
3644,380.0
7629,325.7703825318174
3185,481.20419111713653
3680,300.0
2747,171.60122596361623
4348,380.81388734664233
8409,1551.8239397102352
7232,968.3738267251927
737,414.26089777379707
11312,399.7077984610929
7678,473.1715772623901
8731,309.132525911059
3990,1227.841726071693
11059,840.9322615928643
3352,636.5789716495117
2313,679.2238956630351
3852,845.1887548660653
4960,654.5543747072396
9673,163.64649510157173
1054,1162.52488475049
8170,448.924712677922
10370,277.085931660211
3070,1380.4313291063725
7301,427.3290655337171
8869,607.5879441030378
4430,512.7245648695693
3659,361.6736551885374
9021,170.25040309627187
9683,325.3325802311839
10994,1850.1289414752728
1035,302.41209486209084
6244,392.00853247450567
9416,290.0799149771399
8319,499.3543551667151
5838,402.4514505648197
9186,403.34716193803285
12476,457.79254015041556
7309,423.2632895772246
10943,671.3736641769362
9717,470.19403370937954
5911,420.59030327044485
13037,520.5327809522908
10846,162.98417983063808
2705,325.00298203220297
12697,607.6297650759813
9242,550.7643258262086
2610,375.0
11587,415.24474494181356
8413,370.2737118593877
10639,1365.6704280278288
6736,984.2523179312976
885,1141.951270285407
2070,426.97638683141275
2272,799.6350051383388
10006,491.88542758311746
11988,343.134588575571
7827,1082.0643463156234
5041,422.4002633155239
11710,372.1491880988134
10504,1355.7047180636187
1965,374.0924235706773
10425,882.3465001446015
11893,1304.222035519399
2020,838.9123936906883
6330,232.26927512555764
11352,649.1420450094757
7073,354.35186912308325
5175,329.92973412373516
3997,699.6870814535945
9153,554.3070460278964
2228,302.41742898251766
587,515.7553501193228
9177,300.3215364349305
6500,450.9744425085004
5381,445.3724965422465
5291,394.5290118221744
9394,228.56570171156937
4016,285.2394562958864
10163,563.3963885865401
1740,336.96102419577966
4773,606.720985831743
9564,456.9298140321108
8519,970.7674649782575
7488,353.3298632045676
12234,240.0
7869,429.1826276322909
7794,385.6685235108505
9932,407.06053670889514
2268,496.40421729870786
9067,420.77087730804544
12461,303.8449663490918
7667,558.3841098826368
10710,351.32834714604866
2678,335.3114743181842
5573,466.30798326865687
10207,947.3850448615132
8909,559.7132175749393
6724,289.5653640397988
1122,346.22158988871325
12085,303.6391060706286
928,602.1833213511039
11675,706.9782136491199
12362,405.74083442823746
4027,280.0
2955,952.9365202711989
812,458.54136673264645
1724,1129.65879088175
11080,254.14322475067874
5460,288.13474025915355
48,1300.0
9487,264.9076123029551
2407,366.8821492182417
12895,927.0794912811525
10499,814.8326551274081
5934,531.7415547599069
4041,573.9934285675254
11713,786.865315863355
11066,312.42691663005417
2088,795.5666768028004
10655,323.66957025955224
1254,450.0
2271,377.51935034210396
7077,384.76490149516854
10726,402.3533106533914
5889,353.32542213235206
9250,380.0
9849,267.1205881306073
9944,628.3633321630464
5370,1700.7886993154125
5380,1445.1772511231377
11359,557.6851930160886
386,576.385101779906
4963,262.9229400837422
8628,431.9281286293409
6698,313.4889683224263
4030,438.85724059892135
3435,411.37725673696167
9279,405.08408686308275
3752,258.0166325550964
10219,329.5042702552133
8574,405.4755092445786
7146,361.78338180557876
6393,686.879792376971
8127,294.0576396021278
1271,437.89349858375175
6952,568.3156974464068
8365,327.25727838051813
11342,1066.3882355176345
750,290.0032872480435
10960,932.7354431697074
9510,156.7215478659825
13356,409.9627587245683
3207,452.886011206326
3533,351.07347804941924
13948,231.43361612712675
5708,452.70791103946516
12477,784.8616855145062
8105,186.2947551289477
8982,789.8652193516491
3805,325.463371490154
11974,1055.8188912973417
10537,393.2570544249892
4349,594.2188398482667
7682,283.58358722407297
9387,177.22191654003822
10638,1097.360532892526
2767,698.2783223270882
9171,298.03208349077164
11529,194.20472478432038
9187,440.67859761430543
5933,386.2149876704393
14002,429.8412630655503
1454,365.43396579146076
12995,623.7848161368665
3609,327.07861376341367
1226,627.5295426610593
534,483.18077535571786
3112,341.9559209788545
13561,236.70640780497246
8742,856.1105117187244
9750,335.6913512418707
6129,1045.0305039217485
9483,301.1629635062578
9054,1116.7377874800013
8086,592.2878156241198
10112,293.15587257773655
10558,306.3369253092052
2215,510.14604290981686
4660,567.1146626618828
13980,542.9359027081467
1140,383.0705280999763
13659,290.72496646449315
8471,1150.4833608501629
474,434.84047847453166
7665,556.8628341379724
4075,235.54178372177932
543,872.9796314762943
7579,310.8046282669027
1087,250.0
10847,560.0261806041158
3222,541.3953794793129
8404,1448.8506802223192
4337,255.51828343366265
2665,650.5304676812402
7732,390.4007925890188
9612,921.5064473107011
8148,196.74851672036525
4113,300.0
8778,322.9189696424259
13524,373.2862474055537
1007,1093.7941913321215
12511,280.0
13952,280.0
8891,306.5007452471837
1386,753.6290263169744
6533,321.30864521657446
4149,226.6745046638091
6804,621.4010583372028
11210,876.8079170324195
8274,686.2494849273278
7825,973.2270377826948
12267,566.873489619359
13730,214.54929515890672
6351,743.8721847302022
11137,515.6334531819315
14066,855.4428973074416
7318,450.4791105722751
2190,150.0
13811,199.97333645237939
4247,681.2471005293962
12941,383.1998996576135
4516,1380.038123801281
8128,233.2487980530829
4606,223.521426651779
3612,328.32902504166003
5982,1211.368964637566
1351,642.961373935924
13487,351.54510577463657
13183,597.1975358829476
5529,925.04708464059
13920,255.16714899519786
10882,481.6000455654838
5689,368.56269732112617
11470,279.6548694960936
11797,283.88978951859593
4507,209.31661160395424
1394,437.1118975733507
6741,336.2955007227126
389,1127.0583189248932
3657,451.7891543210461
8664,436.2253388233949
13620,759.8886182182252
8020,408.75713924484324
1936,533.5908647042094
4665,324.4989578346705
4456,786.2770948010427
3782,1201.4720093393726
6721,498.4636747314877
7820,284.1222029931486
305,333.0059992825205
8803,863.5786688035494
13746,938.0442489873979
12032,308.44410602215464
312,577.0257616487754
13334,335.30160759042883
13748,332.5340826086293
2146,243.3469159058879
3234,603.4874138289904
358,370.0
606,318.2205317112617
13035,275.0
6139,432.02620610619545
13847,199.97333645237939
13936,283.04939423697556
477,230.0
9441,463.09821713660733
13868,652.7093195536859
4748,420.97417950844067
4339,482.69805876094426
14060,583.4815156729946
3502,1380.1027789423242
4897,829.3155663763399
6404,295.60615928960857
9555,571.5022126839632
7482,456.4194748967228
3998,627.0891872248089
10403,433.492593622728
3945,449.8996569855818
8765,1108.290614891192
10039,300.8723124670775
3964,786.1704528698692
11807,1013.3742358438517
9314,1047.4680933543805
4920,1122.4945147839958
5222,410.19937777755496
3194,410.08236266115136
7276,518.8761635304354
1745,829.4378283730582
1660,1271.2934497108888
12548,590.7909091516938
994,388.3528691604814
6885,450.0
4642,255.93449373723945
11599,434.66125680745114
13563,394.959619341872
6024,1492.631355255681
8516,611.9211611881973
7656,472.4470801725679
10128,1125.2905211149407
11206,346.1711719803966
4105,363.86627708252973
8979,1559.7892608659565
7707,391.33409384314257
249,481.28471423515236
8179,559.2518701990305
13450,444.9869782059783
12846,221.56303240202942
6238,351.202713019798
697,555.5148955580826
4047,1399.1650985770382
863,329.223953909648
7268,398.67886943906626
10828,749.064827426672
2178,389.3652144898051
6177,151.57501759732614
7989,601.4845394005612
1431,349.42090444764386
1321,477.2892069579502
9330,333.461250769961
2443,239.84926091689795
11069,741.2289307199369
13039,182.6985918149091
519,380.0
3878,1022.3643368980229
71,1382.02162345526
7069,1237.5871730157028
10948,555.1875172458646
3624,483.9021721150549
6204,774.5563078293637
3434,619.6908214581895
12103,411.16923062510716
7262,552.1136284705834
4640,414.8976729393049
2663,300.22130932675117
7106,651.6809981883973
42,360.0
2656,850.0
2612,550.0
5804,622.7754566318499
6088,491.99233763105383
5147,396.77621938362483
13272,451.19881682596514
1352,478.7209188555045
2040,200.37844049443038
5565,458.7956368443587
7677,815.4700856090981
5383,1350.8439886690337
2849,288.81743808451165
7208,445.2948294060823
1311,435.81123582456496
4107,256.2239200044208
10623,1346.3299460725455
1483,1198.748482948226
1656,320.0
1945,633.4001866962452
13945,246.59835084936176
5884,429.92725202450436
13461,1052.749804238514
5260,232.18849723664798
5126,922.0744267221171
11724,1410.4312811459324
12447,396.77010575372856
8969,240.0
1534,230.4964853612964
7626,380.14646890884455
11530,401.94921683649454
218,350.0
12371,265.09830191337784
3911,845.4228070609959
8798,1017.5671464067871
3527,844.3976093284984
2629,364.3772141270431
7043,312.284233762797
3670,400.0
12326,150.0
2596,364.3772141270431
6827,398.81023750017465
901,503.4859671890497
185,500.0
3017,277.10207726257966
11221,580.8622146629478
11791,389.7042968062103
12139,650.0
9620,264.4626523013943
11455,571.7276366684575
593,689.193352451977
5702,730.034963878864
12123,249.5718029355629
3903,1122.4794856204092
539,420.5878434969063
12584,587.5133745251658
9878,420.8204117142558
14042,420.9276635930578
11076,881.1424622470481
11680,421.3175625191043
5554,439.52687492128484
5149,1101.3665520142488
3773,332.78446297425853
395,461.0097678316873
6840,1474.1831836890833
7008,357.03621919758933
8407,1854.8778182145395
9415,442.0882573493574
7661,253.29419036615474
4338,949.4311965493181
2158,453.4968465773883
5197,627.8890425241833
5668,1043.00870830883
2426,1096.092795613276
9100,230.0
10008,357.89859436064995
8757,649.4790543560299
5351,429.5158193603719
6217,241.44295128039482
13684,790.903223194965
2352,694.7745898183646
13875,329.75947360597416
8486,1012.9335438847825
13534,525.9825672405346
4619,902.8128266338135
4901,487.98996229786223
10285,273.2742604432722
466,1007.3128382951963
10888,2605.079963055454
114,400.0
4449,965.9978927311568
12948,1250.0
4376,330.5898656654581
10246,868.7572918454313
10357,493.151777950132
36,280.0
3661,447.53163617696055
12301,400.44233077360775
13157,555.8748781840276
4950,429.90893654218405
8720,371.07225610058134
2324,159.0318544382296
2857,285.86519591773174
13106,1121.2541064456343
14017,956.4499311120385
869,319.56692160027956
8758,271.1401327191693
2345,644.2115104370896
3943,948.9243307378905
9344,566.3323811813018
5461,498.3662505245509
7771,719.3445261359986
7984,314.8664526016353
6347,900.7103353235118
11733,315.52477386193584
2949,341.95154567285846
3064,1395.001955791832
2055,342.1514814105665
9698,543.9547699221682
12011,268.756651033294
13128,731.9801512224351
13908,309.4487020451418
6970,519.1513297227374
1373,403.3309391693171
2022,277.6142633623632
2367,349.47512926984535
6486,387.7129321854786
11837,502.57285537533164
5971,359.2934093629261
13604,319.3117325645343
12066,619.7096064116877
6511,329.82632417221066
9621,370.11050692499896
13592,585.4578911675807
11922,976.9916560959254
11931,673.8149469324474
11228,319.8253660815205
12156,1959.6216041363211
10492,240.31181409927092
11860,319.7758529262418
5717,362.4491291241089
1624,500.0
10946,524.4333980461877
10331,415.7168134140112
7392,868.8967964700015
7368,216.90682314893684
10782,1385.9624099828352
1702,216.29168497177815
4873,515.1093960895597
7285,1050.6118071377907
2616,1100.0
10910,486.6737110234768
6642,442.3246369698906
13782,360.7047669899529
1027,424.6450806354322
1684,347.87997810618555
9211,300.0
4707,379.3463856962801
10052,420.8172844891317
10602,399.2210410282679
9614,878.6463805744027
7673,708.6960075254767
8870,337.15620359747766
1003,898.6222670685394
9472,808.0012498412824
9231,740.6628884739462
13096,580.5577129994213
11657,387.7244511394497
8411,1541.1482924236193
1218,350.0
4036,943.7313883878398
5647,2571.2389501866587
8002,1199.040538286608
3211,415.7839217542021
168,450.0
4058,994.1714761462183
13442,214.75454127946188
7533,217.52763086347636
12252,359.68821237327427
8608,300.61104843053795
4696,365.53723014568425
6390,383.6696798232067
13777,550.0
4340,890.5452405936246
7796,220.0
2859,513.5013958576062
12119,324.44250402690517
8510,1075.4211592086745
6651,849.210094046194
2532,868.1734858261957
9845,369.86818243476614
4863,1675.0584429720484
5404,295.25778463537375
3882,402.81803053244556
11282,211.4609311572957
3488,460.34542944996633
3387,303.70450182594027
3756,457.4305438280006
10262,672.3472352618818
2895,503.3093472570448
1200,1184.1961980059243
11110,318.5415656575223
248,365.56110214327896
6128,443.5192857882297
4302,641.1828070752335
7900,269.4659098895911
5513,156.94247183512317
13881,424.6704837853197
512,1550.0
2877,411.75148637800265
8741,198.68674636969388
6180,1089.4104048928439
13269,356.28511775774564
13695,473.14566126195274
8910,643.281915337005
1808,836.7453022591947
12661,435.6601040528125
10467,325.2913177960614
4129,418.00544759472996
8224,451.6903041443651
6655,432.0593558795564
4852,415.960756362247
11168,326.7990039926996
136,280.0
432,277.32181120773413
4099,281.57025147033625
3669,350.0
13843,444.99649073066166
13882,384.4770165250045
2799,439.1325470272428
9841,1265.5357708698598
4418,382.68255358018234
4966,591.2537458123873
8130,407.4868257366744
7592,556.2394636288752
4992,682.2724117268486
11256,450.89689303817875
6701,1756.1300420043913
5225,504.6570177869311
5768,518.9494311836879
3577,260.07923547599574
3147,394.7589534470069
7203,445.285098093947
9859,539.8937407853601
5285,564.8071150119164
8204,395.46396833250196
13049,400.0
5307,546.5759401096104
4094,254.59328238594378
5226,537.9957631199234
2456,495.3490022831695
13637,482.7626543853751
2860,1060.4349824308824
1587,358.74089718278077
9105,370.77963085066426
7943,290.0915073207341
6593,635.8089860766036
6483,381.65114327772426
12778,300.0
938,592.8228141643342
2597,366.2936437836239
834,536.9286469928616
7022,1241.7996915824392
6399,371.5908808127914
9082,424.0374763625235
873,352.72462471001586
12437,535.9571521709986
5407,317.31276426960005
9402,708.7951514744159
1176,1074.083911647508
10781,627.8105371261066
13000,434.8857850868335
4238,402.1872284176337
2677,1500.0
5457,221.05364301729531
6114,360.6756551881634
1084,443.412174696022
11636,322.2664111288674
1685,371.3564951085808
11844,476.57021546434936
4794,1233.269774696108
5932,882.878438745721
412,286.7835953008099
1198,1223.8543223524412
1484,1326.222835516055
13276,311.1471335499274
7448,369.96301952109354
1369,689.7539827734449
12196,225.98476506748872
7239,468.78638879070445
6631,483.998278349708
721,396.7276160759137
6909,600.0
9144,590.8013382630749
1434,300.0
12253,1062.7291060404282
9469,2078.2506007327456
5791,356.1851948411012
4388,504.1877962621303
13017,609.5733594212126
2474,310.8931952274869
9856,983.3885660107657
12665,432.47056454459147
9364,140.96701123488083
2702,139.60652612256501
300,331.3165815759033
8426,297.60914833869543
10615,229.41747993393085
7380,1618.828146069116
4124,476.1556880137647
13825,1800.0
10346,288.44406287214963
12848,294.7509645742348
1399,564.4766460637468
12604,587.7424865014927
3215,495.6905458641127
2418,351.227750367755
5937,325.6234387942005
11409,259.9085278898666
6214,230.0
5382,290.8868979058465
13679,1412.3643317459248
4309,310.2313346181103
1374,155.0
5247,325.47450402307066
1191,352.1387118153298
6434,1192.7020365149885
10657,710.3366744379177
120,400.0
4609,697.6941904684159
9691,886.9120152424505
8078,143.7826187397605
5262,1066.7231182003068
11806,571.1700267529554
11117,273.6290566548915
12859,293.49122747897724
10514,435.8352013347066
7600,756.8434413813062
9799,406.3006664595712
13153,661.4485281563344
658,514.7253661133863
124,1200.0
7965,2551.5029737128566
3335,511.91882301714537
9975,419.0816713791992
13294,490.74677008197966
13949,498.2539291892068
11571,507.6173738905911
11232,636.0613438743162
3450,832.5800891418401
10319,634.2672628806228
8026,298.7853846874655
1327,668.119539812419
705,681.0640624982867
13505,198.14197792979866
9645,334.981216426566
11413,287.0405534629933
12322,333.89735311508997
7691,1255.3691997514802
10595,414.90349920314367
2168,1331.6445006077458
151,550.0
9725,1013.0083959194678
8652,747.5588870124011
3979,436.9823414440131
7061,274.1288962787543
8621,416.8028098147305
6823,468.04741387391795
6551,1512.833660397373
9895,290.70677724656946
4227,710.690463977686
9114,256.26899468536226
12838,300.0
7325,447.28001774844665
12585,329.0543344443045
9393,284.03076221375125
4833,287.08378318593566
12241,1156.4242116505263
1731,1589.5197541874884
3835,663.8655423589996
5569,376.9550923036927
2513,337.0967914756093
9630,335.83316053051374
3308,277.06676267254204
10975,373.25463133094956
13054,260.07920416889783
1714,593.2956227278794
9316,460.732418272338
2255,358.34438208907557
8049,240.0
2100,321.2985840192869
3022,795.1168423677295
2123,720.0767176244533
11336,684.8139415331632
6742,273.0061790274396
4636,754.7767530113672
9280,312.12948289697965
13815,568.8843958709558
8845,392.40655508299113
34,1200.0
4683,885.7268895255952
13417,570.8612027464935
10389,460.2633146385332
3044,437.6574997644768
4851,753.4030875953082
13071,1310.8049665570754
11967,185.05770978704035
4715,1246.628217751242
13728,281.6985026436655
926,347.7884069322104
7894,525.3498293193985
5118,480.044444045179
909,280.6180373305772
9563,334.2544700130356
8425,404.8626875436328
8012,427.35189127503673
12360,315.94560579994277
10448,377.2779768773263
7587,266.431960832859
9682,905.7358491334267
8262,463.7367184094463
6926,695.8444607952721
9977,436.63270077481064
8065,471.78381701543685
2472,674.5323006500792
5997,394.28605557522
765,455.5811525243686
3947,318.09465904923275
9894,286.87743682471375
1086,481.7619282942328
7802,507.02112124266887
12335,2121.488253873654
7338,946.6772751577633
10965,592.406046822797
10591,483.64524884238733
979,320.79975992056234
10273,817.6509502402599
11467,340.4510373467018
5845,639.9864143946547
2630,366.2936437836239
51,1200.0
9146,404.17423825661007
7500,453.4491197221903
8881,286.1096260594511
4537,889.2866356365344
7200,281.9161880553514
9055,392.6032080890702
4330,365.76083382711215
8824,432.72449419184085
1409,374.0042764558266
4514,189.5697274612461
13539,284.08489726498465
9846,1069.8359960090002
10418,429.82538074482966
6516,316.2746850703363
2901,280.0
2216,287.8023274525442
3106,775.9106003245338
10833,384.93376669336766
10009,168.871810623066
3438,512.17233391653
6254,915.1975562621416
5961,446.49640828567874
5613,577.156153483291
6978,373.4157449532713
8830,527.9456523235406
5897,367.4367401734784
4106,280.0
7582,287.60323736939006
1600,384.9099633688676
397,256.5032532605504
6406,988.4244117935111
11466,298.6414891676286
5501,260.0
4396,495.29226086632775
12889,345.00852150921696
2639,700.0
11985,461.2329033637875
7319,513.2246189615673
13046,188.32533071671685
931,113.7877275447986
4739,494.3844917699886
8060,606.1227798288998
818,681.1136419794258
435,1583.1691007242107
2803,687.674626307836
1036,643.2641318941025
6127,343.6306409212433
7874,630.8590457600717
6791,221.75605486698376
201,587.4442003501156
6959,319.6556285076504
7854,410.7396907632729
12164,667.7144332240833
12397,547.1652415885329
8601,1156.3047496908864
252,358.57656420986564
612,467.50543633991316
5712,371.352211442245
1513,605.6771108465607
11917,1256.6167955387832
9412,410.25142201607264
6287,694.6419831896991
5319,1790.5224761614807
11216,1045.4588428327936
2627,800.0
3449,273.019881834702
3814,329.8467511678804
150,320.0
10173,331.18021436766287
3412,227.76372506568646
13676,243.3823617420224
8898,1617.72527523494
1749,347.84150489895336
2010,325.1885068607947
4112,940.7980038763712
8903,693.5283910974098
8835,406.41207767700575
1403,587.3517155302826
3560,434.86347816129626
8250,484.62203168630094
764,939.3745937741073
1912,365.6068947201325
12144,509.17107438920755
7604,369.5631792933217
7559,422.6114571123761
4692,538.6149994779661
9553,572.6173949575375
4811,335.84211479112776
2233,1122.954268305356
7765,255.41467922465046
4835,210.19609369741136
1651,550.0
9404,637.8425437003508
5715,377.0704381595339
4193,591.2431078312197
2096,343.7141503348171
6696,339.270224244468
14104,372.14160680248733
9379,328.43322135664755
11690,760.2078576227455
12336,132.64771678726805
84,300.0
9707,538.8020679465462
4937,660.5597999214914
6195,392.67331056931175
8704,350.0
6537,151.12092746182273
12818,936.1561584336995
12473,2712.59216065211
12906,375.5503358790795
4527,546.5367770256609
2885,304.22207531559775
3205,593.2637283643962
430,241.40935375295345
8938,645.0349884976223
9941,671.572874143361
7284,781.0536001767819
13666,695.8827869104192
4216,353.0538078661642
3509,252.64079434540423
3885,319.50892567913127
12467,895.8401644604082
3520,498.9567427436474
8846,426.78705884388637
9568,594.7362557633596
10932,266.77053946170713
294,653.3872665056816
2449,356.0192157758934
13375,338.219503739983
10743,460.7357593507264
3195,1272.392080282059
8817,1098.1902410599225
638,559.1210012689291
3703,524.7849134355316
654,422.95334724215786
2761,865.2738045628166
7443,674.4030036234633
12035,849.0393251085101
5338,338.9699411369113
14057,650.0
6428,1317.6076128992863
3116,481.34318315794746
13113,488.6841812267626
6012,710.3224054042653
7754,331.7243868590379
13502,392.59720300711945
1954,1234.2671487591315
12188,266.2915939650735
11155,403.7641810925346
480,580.0
3088,437.1633244096197
13410,990.0597953286779
7666,549.6917312206872
3579,700.552261906267
104,725.0
14026,501.1083200758955
1158,378.1511992545775
5287,419.44122861943634
3564,1517.8922930547305
1384,493.14072776139665
10929,1168.2574489373194
3448,244.1974599562746
4415,361.4495192762423
9246,421.77944889089696
12566,1340.8660226523848
9744,1266.6303513288349
648,776.9351857891434
10719,593.6658676138786
13857,430.7966745568446
9713,258.9450579978336
8917,300.0
6308,406.92054459428726
1458,576.4124882408637
11028,664.0040575374601
10363,414.3401740490501
7882,391.33409384314257
7829,793.8663117289373
6951,797.927833440042
12522,342.98621851597375
7464,460.19069240483867
5364,403.0295423008155
11456,512.050795208635
5412,323.72853238255374
5362,1439.9789698401473
9222,253.19369374302954
11884,234.4658852351564
544,397.8468874771952
4097,314.5987518904896
6558,263.25498170104635
3887,178.00405505493046
4784,889.5179340593373
5108,300.0
9545,440.9602885889328
13942,300.0
6851,532.1749702686126
5313,1322.1222421737518
11165,274.8520381856978
2134,896.5045136154822
10001,376.15710893864997
4421,1282.5904469474954
742,540.8298907833498
12427,338.2685580305774
10863,425.4067264464121
16,850.0
9956,469.854041410484
7855,658.5751799295515
5938,221.24202682334288
7594,851.8368332893576
9747,413.86580502704936
4650,402.67332230918817
11390,1135.0621777673364
13931,230.0
2797,318.34239872404214
9339,295.5802208797388
3725,489.3781568041593
4641,784.9972223172961
9261,422.40766595153957
715,662.7137395278904
12034,394.3150281092023
9699,321.33385573438784
2526,674.6726429103145
5077,400.5012068394092
10611,328.5881294849538
3315,521.0261830126412
3373,444.06234559593975
10911,1834.0218357921708
2865,319.638091442337
2488,444.1997517650831
4246,1996.0634415067757
8963,902.592954773417
4451,655.7066582858727
840,929.8273846138991
2699,342.84074317398836
11896,496.61147635347197
10185,1544.2504156541008
8737,353.1386180826009
4128,1252.9957649202456
6932,314.88157906282083
3699,306.3840498492624
2471,411.81974629158105
2772,364.6899301183141
7458,396.13541706646606
12142,193.86352711697415
745,213.283846191916
9354,190.6609942425182
5515,953.6213088187292
933,333.50245528742545
1143,383.6312482607058
11796,351.8731584775276
6880,413.7788099395196
12265,1116.491893206098
6888,330.0
2486,345.08469540874785
7052,1439.6212465998617
6074,490.1123747867359
13716,247.04997877573487
8966,624.5840540572846
4150,582.0612082588764
8511,665.0331736453246
8642,389.3988719090016
10131,444.68538951137145
4520,196.68142421395922
6282,1371.630933771512
13047,572.0914578313311
11575,732.8763264440684
531,527.7907282421173
9724,1380.0
5850,311.97074925390064
7601,756.8434413813062
9414,819.1321255159264
12688,937.9113821259626
7485,633.975098899377
7182,413.7397471889549
9515,372.58277898697264
4973,195.0635997920404
9897,796.6465185551756
5904,487.59417331754014
8370,418.0304873510315
5441,429.67661770018543
12455,787.2837957570571
6670,375.02912197214704
13835,230.50687543016176
7723,659.030695124613
8061,309.01353085968447
2555,381.14342073479077
4116,573.8776612567748
1298,527.5832406145687
6459,474.4688188700917
13930,180.0
2185,410.5423626876353
2129,920.9494285916923
7657,393.8948856022776
10991,453.51994604461606
896,866.9966783007321
7937,255.27666768854112
2985,775.0037625870723
11809,853.3433179220873
13826,240.0
829,331.6756311409455
8374,1133.234032350176
5484,540.0797368351716
1227,886.0214686761985
6212,183.51719011278044
7308,507.6268302097112
7444,545.4003756436277
6149,369.8851028388363
6811,369.9551334561355
10670,1113.7472943483476
3823,624.9877124580148
13508,420.8792440959394
4732,781.3084065352382
536,465.04226479767965
2914,227.18059524565183
4103,304.90115647517337
6992,2059.3673900419044
9911,441.43807592439
4563,339.050116722148
7615,558.0485554006998
8693,356.7844846565301
12868,402.4478084268143
9624,399.6998734209237
9925,404.1120993461658
8207,174.69016950160454
3636,350.0
1179,437.8556380147012
9413,630.3274087516916
9812,561.4270703827939
6085,794.2789813846175
6995,324.5711800685385
6261,2200.0
10187,439.959997931936
2679,465.25416835951876
12930,282.51703463002946
11823,318.77000354450263
1044,464.6201466239245
6826,340.4695521669453
10216,1146.9840561573799
3372,650.7836127583654
374,360.0
11351,464.68012353795234
7316,299.4999582105056
10984,930.4736279440979
8964,327.173314738825
13492,188.53514931816454
2151,258.74360597413573
3462,245.32596901294846
9835,770.3828918396465
5858,358.5005661421613
3129,1049.3916412067929
8639,290.33512294909406
6608,559.7837472270633
1492,315.8307100437132
11932,756.486691720994
12858,837.1388077827226
9007,1015.3857304546641
20,400.0
8234,298.09192549554115
7748,852.9358573995041
5682,304.4012352964418
3252,815.2814630545615
4437,1040.239174875519
12165,914.6709071167746
4615,270.51395414115655
7521,340.42754356892044
12904,1393.3126206164757
186,483.92655648355856
13934,230.0
3296,1768.9541664871695
2391,565.7412740331703
8769,1003.6543700633974
8405,801.3243390527965
8401,252.0127995842901
10727,598.6868421073458
5157,314.0448254631834
10497,171.75329611862088
2358,263.44930924755295
5564,306.79608668967876
9076,1081.5309643689466
2992,301.11000438115775
7785,947.4634241697486
11242,486.95238121212276
4194,692.682455377975
1985,1183.2493288370758
1471,274.9984591727775
5822,469.98118275027383
5949,533.4801528296646
12006,822.3428432749281
11033,822.9503683640439
8872,696.4240423616158
12998,358.7700589541179
2716,390.7935286984682
5538,291.38535410187455
11070,566.8720693469245
4829,600.8492066655087
10036,358.3444536625883
10330,379.27330435271006
10723,992.8818510124697
11122,687.4493677335438
13466,744.2879351965421
8482,474.6790983650854
14050,600.0
8132,394.5702254134182
1237,400.0
5325,361.3126405670813
8050,190.0
8084,521.9185871570307
4203,1158.983339168925
2320,1054.0657565990323
677,786.1559314406887
3291,835.034581904672
5166,643.1994131853016
4741,415.5616847194399
8145,581.6059003792168
922,391.1050175418484
12474,365.9104519575921
1183,786.3585972632825
13560,461.35684693464566
12816,1250.0
3018,964.7912071643336
222,650.0
559,671.565366469443
1328,422.0639116199443
9980,409.4593590249836
4404,922.1795664741396
3108,1209.7003255771888
9451,336.89660505842056
13905,251.27854616387523
10708,378.8890057876494
2021,461.7119529895107
10421,401.6881357214233
7518,497.0445517602735
11899,354.4495532679368
13048,325.6378912060506
334,1100.0
6206,303.6590577895684
12069,835.6161846379482
6209,1056.0987464798359
5959,659.195598415531
851,403.94270326864205
5720,413.59077471515604
2792,506.78504855296643
12122,215.4720976058362
4085,362.56892614547723
8629,501.3629767709135
2335,666.5031184477975
4490,366.74557324175726
9352,481.1915877317374
10775,800.0
11755,385.36919600475903
10437,306.7132462260285
1666,439.9071044827392
12061,905.2631565212182
8072,407.0045239022935
3547,688.6319555895582
3976,473.51203915031044
9643,293.9980555052456
9736,1013.0083959194678
13731,286.1079114916387
725,753.2577194578156
12446,303.4065275434725
8615,586.944487379482
4399,400.0
12750,330.5373796166495
13981,634.8391341130683
12408,593.6042295351305
10789,455.40372662658876
8659,229.00318911709505
3839,619.18121966791
4296,550.1538265488284
3821,1010.8307602679058
448,1019.2167659036763
7809,1048.2406352687617
1792,1637.261790283676
9069,429.8753205893379
6158,414.51325062988985
9598,188.74954955573082
4326,326.2544613619287
3170,503.5522866908641
10807,511.349412657359
7250,608.4035877088049
7992,356.8186172488091
10503,933.3476715476677
4979,282.8259359692035
945,1079.8865474991708
8721,546.6651107545649
10293,298.75507424479395
1548,220.56426461307942
684,277.3029502739174
3985,478.97317497640756
10722,817.9012321772891
7094,559.2501444048078
876,809.6040765343516
6998,1444.019714400464
8529,361.48723517153473
9967,388.57043059307944
8168,548.4650524350307
12472,220.00997084886365
1316,367.23136857759926
1881,1994.9076243092654
11051,333.9369273225841
2003,728.3464147321451
7709,391.33409384314257
4951,587.1047734542408
6887,1064.6169574406604
3430,409.5253253632303
9086,422.62597048260125
915,282.8252404397975
8286,552.0495950571731
10646,1162.3880899666408
4686,431.16960361423014
10780,660.6103530072116
3099,1777.2498951470766
3652,480.8377526450713
7913,297.03426488542317
7135,531.0729254994216
8063,304.45312173827324
7075,489.88745264066307
13714,672.4191362465118
4787,245.72819839266782
9968,656.6567723416804
10392,218.0275514310528
5246,1371.8619772860554
13228,392.786422074892
1627,367.86792273874556
12414,450.45768321926283
2586,333.92066856735124
2413,194.42883281860037
1238,375.0
9934,271.9672942598414
6735,643.3630287285037
102,800.0
2681,429.4583576227215
1622,600.0
3426,316.29535988200905
12284,284.0443382287023
3860,338.6971177381937
8166,253.7517612969798
10906,896.3228938202484
1356,330.0033550883495
980,335.42138507477455
9748,265.3264955831001
5684,632.7801615143704
12752,190.73600002142604
14027,420.09112245683457
3818,1282.308427320345
1489,257.1509120850021
13907,434.30304962219475
1098,1097.7646280584959
4171,355.81074011903615
1019,383.3407304718611
1154,1297.5100084638138
908,348.98962967701397
12696,1423.693558494856
7306,434.2233337638006
1706,300.0
1324,356.22185541095797
12359,506.58253994302777
12587,517.3418751767167
4756,339.63249927609303
5968,682.2964639084207
8564,526.4388063458039
4095,366.36572551400275
8036,237.44273462156997
7560,500.3351476242285
4126,503.6942754543634
8108,1253.562805584104
8032,668.4734439038913
10364,354.19557881010826
7093,280.4806429394788
9034,1310.7569882558719
11553,331.6180877119743
4131,511.75892036674566
13477,383.0493367481656
13734,863.265700104731
1509,570.7208086683664
11829,310.30131692239024
8714,197.500706037454
10649,439.51722770815906
5435,1079.4883103160291
4239,322.68789491412593
1603,820.6452368737478
322,323.5549719238429
8125,198.06105040091188
5666,1086.8127284923453
4802,1089.236355476894
12643,1169.4372040423539
8700,319.2472471656873
6704,1136.0410186294116
10010,217.4374507352147
5422,600.0
4693,401.2128161421806
11238,228.28369486313423
5749,432.14842119286004
264,749.6434039889882
14091,1032.7921868407298
3464,213.191459925734
9376,120.0
7221,433.96725506188386
12365,360.1927445158652
3470,667.1166194356456
13115,418.1597268477034
5991,795.2527304078817
13484,453.3396292812928
4455,458.95939096565854
11111,402.5380400900978
5272,881.7708588600516
10773,591.7302425215222
13850,390.56284485172466
9241,1345.684680408905
9809,200.78857462685022
13768,951.6703737905717
9196,305.67441507549694
9594,1171.2868616048677
6358,1613.8240543213092
13191,627.6182855738922
8293,303.40740267003457
8522,489.4876777903711
7564,1326.222526027635
2445,233.54806442904516
8944,365.54882758269093
3329,928.3358656997307
7891,1367.3079979173372
11053,709.8045981223804
12564,436.79797058938146
3423,400.43939764541744
11174,733.6182321213583
7747,1295.544002163118
7342,364.09610776342026
6884,1069.267941895796
968,186.32352483347748
1946,281.29828871124755
4915,890.0427459868888
3289,1940.007694702931
96,370.0
10651,453.3212784204734
5665,1387.4044489869834
8369,349.86026067261616
220,380.0
3132,962.8564469938641
60,750.0
13197,365.04361429019957
9432,252.79279728608992
12518,386.29683535559855
10485,651.9096421812607
6190,227.2638931265391
462,475.334576817104
4769,896.7131579221569
3795,258.13607642216965
11492,591.3304696866135
5596,607.7177478724946
8115,256.6106810773428
10326,435.52711029676215
9474,487.3065828036117
6968,881.9983783853065
399,466.32817662694214
13583,329.4127844414675
12458,455.8671709805579
6106,1475.1176399436931
4722,652.0830986841454
11660,175.13531892217026
10581,1012.0314963029416
13979,436.85256191250176
2309,313.81731963801917
9965,548.438310414114
10060,354.7506280294858
6632,1237.3983901199463
331,580.0
1787,479.9816733187721
813,332.53788375790555
1979,567.3423303654889
11321,580.3436578531334
614,220.74279501931375
1283,575.0223898135881
8290,482.8384281658035
9005,3799.6113683802732
2615,330.0
8258,351.52791955740287
3799,600.1441499706311
11804,203.6088420408376
6753,343.818924839422
13743,123.73424857318035
10456,491.8954599801649
13181,388.8453479254323
2406,926.2217547844339
10577,434.7362033390118
3910,861.1815754950754
3707,594.301191197385
7050,450.0
2030,346.6237754768199
13186,225.60934357707094
6334,1023.3911577461272
6878,569.3261041515221
10105,577.9303123916122
6868,410.55573679889983
9782,450.3990331427211
6936,721.5087212213759
8399,315.9362077911391
6562,302.45365285839614
5035,362.89085575381955
9210,296.6890121376276
9537,431.9750465036992
6577,797.1912424767246
2752,434.9391445179313
8542,607.153825545815
3801,342.85085473121853
3060,354.49093255163194
11663,274.5958901086763
7460,1105.452252194898
1732,375.3172922006307
3541,454.4514474219013
12205,381.2639428223362
8992,357.7621391098297
1167,805.7741730946452
1452,406.11293137445966
7589,736.2824066121086
4251,1800.0
9781,604.3625146441863
3080,339.8346329420835
13163,348.4257056113148
1944,357.34408888520505
3121,494.3198394472462
5509,450.12974451478
13509,777.6553133997802
1348,698.9479985733631
7585,385.5674537990666
6661,321.24912058491157
9629,656.5284697062534
1209,650.0
4922,351.713415977993
425,236.46645455774492
555,338.26022886800314
1955,852.3093176446646
9298,403.67942614345577
8710,203.3093080692335
8937,357.8227981032436
4717,669.6657782612975
8362,1563.6455073868647
11073,579.1569312843535
13792,1592.2633545535405
5478,1373.8801274736254
12233,450.0
5454,417.49730247614264
13373,387.0879024063155
10243,403.80397849177666
6949,568.3156974464068
6453,329.7174843705988
574,966.4613111423399
9628,1852.4338069955793
13790,987.7360617323643
3091,516.3819039437268
5744,358.4161043945878
11634,280.8408330026456
2421,1107.4453232011663
7792,369.1144651368006
69,580.1828086735669
2349,348.3348577283142
2376,247.7001469380084
8813,407.95374428239927
2617,575.0
12888,345.00852150921696
1596,344.2827041393617
4903,364.71603992097323
7653,561.0590628383084
10242,1673.9792771671696
12701,373.60597485949825
7249,331.7823982267104
246,150.0
3071,1007.6605964547159
3016,1259.6668493405468
2900,229.07912813838013
4004,554.2360502311301
4919,371.71068142733657
13189,402.0823241372194
674,356.3649139005323
4731,580.7662953458064
4871,921.7713280594459
5020,155.0
9259,375.55580203938587
3861,1741.2009037283647
13690,358.70829366820266
8918,351.35773765806005
13865,258.7698538497619
2478,596.2214484324325
3949,264.54251789665545
8493,383.21387715298954
8525,1007.7777988483779
5951,902.4196498545044
2037,397.7838559097635
11188,351.92831490922015
12953,165.0
10451,300.0
13374,391.6188624834961
1428,407.79274408324375
2808,364.38788918785974
8484,614.7988796544324
6671,421.6263011228979
4949,605.4054454536201
1414,385.1815154179858
115,750.0
13574,958.6634987464563
13537,460.4868871620077
231,342.10933435570024
9738,1087.3805148366823
10597,500.8820627416711
4157,698.9478857718526
1521,389.29078249771044
8455,440.0
215,483.92655648355856
5610,924.4478996425598
9350,440.28165278857057
3257,472.3758305107329
9194,1115.7934183344432
6437,379.6091904187341
2183,165.92298986161
4329,325.07140592596875
13662,503.79686025148976
2806,1365.21127686008
5643,1002.6443842111819
8858,1286.2260779843289
2969,287.2237155611297
8541,708.5840614442162
6197,382.56906218346575
6084,380.2958122717728
6828,408.62699386686677
8116,510.4011659044804
13076,1121.3136329146835
9635,285.0525876123943
9226,390.02801266583606
1499,685.2943875039399
5849,360.0
8954,701.6721112682499
3493,183.0588042565687
3442,1000.0
7039,432.1771870576003
12538,418.78416719720644
2056,316.7099133208601
10778,702.2481222855859
2059,347.84150489895336
13753,342.4447243339437
10165,385.8301242764923
12966,339.9509150202572
13888,233.4905881693545
3693,300.36237546446864
8879,816.1998007462965
12614,485.5233395462004
8702,814.2700777451553
484,650.0
6293,513.6919748307178
6216,206.0712323512214
4408,596.6445176127938
7736,329.5230560585554
8747,523.1378524824227
11423,393.27752481051164
8573,1030.2835311093083
4210,373.76078231095363
13437,948.1258134538175
3475,803.1163149166039
5690,491.75628394721286
3188,477.8698275242293
5268,1322.784044219296
6111,1072.299914367953
12766,628.3651857686885
6578,236.8781251438865
4718,693.4942999793245
9936,341.622007861004
11799,700.0771375729325
4360,883.9648111944998
1415,328.98228193723827
500,550.0
669,902.7717027913316
7725,450.0
12415,468.8717823448369
12106,610.2297801862153
3489,287.6595742630803
304,556.5603300574953
5837,692.2108417992544
1704,321.2680483628611
5023,662.8784833023916
5823,655.7523021503807
11687,363.83645378149913
7114,457.3226266336883
8532,330.31920776995196
10891,318.57047067221833
8524,1063.6883000965909
5279,317.82814700164465
11782,1123.83882023482
5129,527.4490075512533
4603,982.2648957742111
13118,1638.42935646514
12901,728.5008935367125
5196,385.270341944176
10299,1259.6341028971376
9486,433.4017762843504
2454,219.41676936414837
8777,325.4226004425131
1069,365.762328184371
13542,1426.2996821998213
10913,1634.4849181599025
9267,379.0470410535122
554,432.4327890012527
4352,245.46825048632056
13159,427.2205077067741
13369,187.90104548033668
6163,336.29450192507085
6001,187.97258000819483
13330,198.14703286282113
7234,313.0938697906417
13538,1262.1661507071135
12286,200.63615783180688
12364,338.8454350883072
9271,439.3314774318491
13040,315.60550761854597
421,517.1694255857149
13916,350.0
9559,1041.0459325618622
13786,645.3149665169511
1497,362.05277325398373
1048,794.5742399688028
10941,405.4841599143667
8216,352.22689221510836
857,430.8660028235145
10267,404.6312779215882
3483,507.4979620551569
13533,250.0
10491,250.9416913505359
9919,394.18868689484384
10624,247.90360382972645
4955,462.91208738949524
6867,960.2340258914857
5853,1597.3860637318335
10171,1305.948358169632
821,744.4580815294958
1644,969.2398778691636
12099,676.7310719055506
4217,545.1279484297308
108,530.0
368,950.0
8442,427.30813008894233
8138,563.8340893551323
730,1111.3677773021118
8268,1298.3011081047791
11602,429.15878089427906
5598,467.0319745615826
7503,1214.7913153635632
2389,608.6680177557091
5227,637.7049214265843
10432,255.83558133537105
7753,501.50126910029644
7066,236.33283174669305
9905,401.5298809360091
511,250.0
701,347.5330107968396
13738,366.4986225883603
10484,465.6452627718043
10644,624.6523633930915
1278,583.9563428433676
3734,481.7321592962024
4817,746.214704702443
40,750.0
1892,511.27483263288696
8763,827.4230549410394
4257,883.3239623751056
13562,318.0112791282172
3316,412.13447832036354
2508,319.638091442337
13644,270.0
7599,484.5610780386214
1304,732.1103925891202
3102,364.1485038842569
13009,259.5068050973808
347,675.0
7378,1143.709395550764
11903,638.2325744115676
475,450.0
12853,470.59648849543623
5872,869.8854907937981
12407,392.63015716190205
4448,383.0153422025965
10042,257.41471618073786
323,357.5809672304134
4661,1712.8205996925408
12910,442.2650663135819
7640,531.0430311004176
13229,411.56595236962244
2817,508.1264833520006
4366,388.2307349064265
972,571.5924392406342
13321,573.0611559180581
3405,963.576763941833
11661,434.4006047230579
8485,1437.0306413048554
11655,454.5994719154651
12551,418.8126864927618
6062,595.1618157436038
1202,470.0
7269,514.1540470559002
9958,362.77929025619005
37,250.0
8953,617.5494437707723
12851,538.9075505121301
13732,283.4118336514549
5909,376.4292076365618
9571,285.1146421514226
4561,1042.7659093849438
5710,177.42123147504327
4101,260.7748825163587
12100,422.36133696337174
11520,349.55519567185775
1289,317.59492569481995
13707,282.283562901769
2401,789.9061669157057
13649,359.266314111215
6000,179.19406200247994
12497,634.2276268493387
1747,490.6351184259065
11234,1140.4661604931184
3853,1161.5670935658995
4076,348.6634272525632
5887,532.0231926536917
12671,534.1987173141779
9307,343.3384895374734
11217,277.40178184107526
13268,401.18312048223027
7335,780.748081123668
6331,293.65489085889175
211,120.0
1951,430.66948705787604
11191,1053.7925122936488
652,339.3321865598789
2207,336.51015764786666
1397,456.5598968326191
9797,298.5687239505255
4815,389.2668345859185
13901,448.8363622531674
1671,752.7332823920347
2321,472.6502547350492
1953,673.2593629649793
3367,315.5052899850334
6622,704.057972173802
13741,170.0
10024,381.96285404314693
9122,191.09294923111815
12819,232.81725657081546
9547,150.0
485,180.0
3379,1277.350542328824
899,588.3144032549
1733,220.28974436946248
8444,418.1267989798914
11050,1055.6137825123717
7389,1280.931014688531
10130,492.47662731424356
12079,753.0409634207742
1251,650.0
13108,513.0154805739273
2436,1351.3679370713546
4405,587.9309126497145
14025,419.76517121612085
11290,1117.3109158811499
12502,417.55844203780714
4020,342.36567084796263
2304,331.17678815558116
5703,546.3573695197164
583,645.1893256426226
9405,484.6936898205031
719,379.09639532465894
5459,487.79074725127487
9773,1640.9092644496022
763,273.7495303042574
5170,266.4501931476565
1871,328.11648380456944
11832,861.7252725684062
5405,299.63467332679744
7196,642.4507340672906
739,668.8436340044578
10945,777.4741499080817
10356,1596.7648673201747
4130,328.2361504950196
13341,488.2581949661459
9793,451.4117137628051
7062,380.0310630256089
10240,462.20538942510257
5437,453.3972621016862
12525,699.4409151834145
9491,1438.8391430249003
751,379.2165952261554
13854,592.3430771191468
7220,427.4482424307479
6863,221.03769861942973
1840,247.52037688899446
4795,520.731373705945
1276,351.68630124048104
2993,298.953682048099
12224,159.2922837006746
7243,724.5628044820147
3046,364.0901091403939
4886,778.4852421343801
8058,384.50747128091973
2265,522.3666072509168
6921,332.69960056315585
11545,258.19588340873906
12993,341.6857358064319
8818,260.29198845095675
12332,1109.7047865593452
1370,305.9248272895869
741,584.2501570456772
3066,1479.0240628571387
11631,290.73389677750595
1189,1365.3180372459472
13082,970.032328293107
5169,201.62751886790693
1571,248.64498349196242
8862,1053.6289739140502
10686,495.105761076197
2528,626.0852969061183
2128,991.2862510133393
11169,325.2657747205061
6126,364.36633291373016
12623,225.00070938169594
1982,321.0728532858418
11407,267.1690832528448
7607,374.34188776945973
7880,660.033320007587
13445,361.85665466097237
2058,573.7943934961769
9310,614.4398129954536
8263,735.1482162622251
5770,422.0268298495589
11015,293.51682164642875
4591,553.3795546737772
10893,1084.5767228222917
2880,638.5512825531985
13898,209.5917670205573
2754,353.6405130243281
8723,307.7436974140214
2989,271.4127512112519
4375,1870.8110210038142
4093,273.35691294469837
13151,375.90294767097555
7299,630.2367485853408
4220,371.67962827091014
563,509.7622053855084
8001,686.9099479952789
11500,306.6152741346103
641,361.18784139430187
1670,627.0187379773822
12593,310.3517865718788
2408,702.6965804361699
11824,1112.0420166892939
7174,299.5011992818187
8789,618.9226483518418
7632,277.86001764193804
3722,607.6971231640749
9363,937.0253835013887
13067,1037.1761208620214
6652,1200.0
10106,550.0
4557,830.315976038379
9382,338.39434131693156
5829,339.0844978742884
181,550.0
8613,332.2409498884059
6756,302.41900369451974
2219,341.36016449658666
10419,1444.1157221105316
1956,250.02952744375756
1058,283.67545770203486
12586,799.9833983022174
13206,386.2268677639186
1400,334.93306529083304
13349,399.2052899901465
4948,358.9747523417596
9910,447.00390882929264
5563,524.3882076713816
7387,491.41234279878074
4300,273.83197952645924
10620,325.75450231874703
11086,338.7580076784403
1211,900.0
11278,672.1940285335156
3394,624.6180391946177
2239,352.1802651938499
13976,200.0
10115,515.8264178789177
7225,438.55033400814796
12997,544.1890333202002
9050,661.3932735442493
4185,418.6572830787836
9759,551.5884595807015
6792,414.4070078921324
11366,490.53258907914744
11971,512.8133481735794
4702,1692.793751853213
5891,510.76338837596757
1435,513.1750040413955
14088,286.24579308411415
93,650.0
7966,360.5266952960977
7079,260.570143420315
3117,875.3614843729615
10347,348.90378686276455
5774,610.749152435119
12520,296.0211145457572
5533,699.2080240534985
2778,269.3946049386917
12442,301.20714000495263
13348,471.62846396714224
13833,355.89840431015944
3486,412.0874398824731
11343,309.847254153946
13632,734.2109255328351
12129,562.525778859628
3468,394.00507526457096
1085,165.49049556976496
13479,845.7986350765455
429,1052.2097471549787
4458,314.41227823000884
5432,373.15420429902014
4270,451.40964312504036
9044,315.4068065344675
3648,1400.0
10714,598.9409777730752
7551,1220.7932538005325
409,282.9440860224265
11461,261.0040337480941
1609,320.0
5156,310.77483625679207
6384,350.0035482956165
4904,245.26330846965655
4221,443.0663459365775
4316,1109.3263915763146
12810,238.88262346015955
2755,377.7724913842821
10688,391.4942475615371
950,414.66486128317246
12680,289.8787794393013
10938,530.1808051885732
8489,589.5390796245186
11317,447.9929856290454
9442,340.6349573571027
11738,907.9953792285821
5910,914.5339352766605
11758,437.9842898779519
6342,663.3456555369593
8385,941.2446053647377
1692,405.3721711946952
9587,308.6490733402427
1422,337.63378172408306
5560,556.8002623698005
9218,209.10170839872842
820,530.9280520069165
9876,311.188332798027
4872,834.7248968045268
3456,381.4607156080583
14085,240.2895848886684
10557,320.63320713280723
11274,403.80472991908965
13935,230.0
4063,919.0504091763544
1286,285.68053059806533
11031,860.8571216158355
2928,599.2779728447738
11911,511.349412657359
13240,1261.1190588716513
1092,740.6626074263273
4304,339.8459704132251
74,438.14780654229776
12724,1334.2402994611489
11291,275.7443143834966
10564,303.5607059721418
5986,321.1560431233437
5776,750.0
292,373.9711443191222
13498,188.86495408578529
5047,1399.117012648419
10745,772.1360145064118
5100,575.5014678575351
2090,463.4642750470001
6401,381.71904142579876
1802,390.32607036913095
12929,1025.2202823449254
3972,360.0
3695,365.4324375294476
4668,505.316526877107
319,314.58873365444003
13312,483.22253595203154
5221,367.8601415663148
13170,355.73690864860936
4343,437.8683886231866
1826,1250.0
10507,352.86138004745834
7912,519.9831337039354
145,400.0
12124,200.4674904358581
12191,1063.078368296537
6907,1064.6169574406604
11892,355.36960448428965
11488,688.2945420956131
9805,2200.0
11113,451.97027071834805
10766,423.18906950482506
1831,429.88095630432815
3981,504.0180700723266
86,483.92655648355856
8901,596.6756469990493
1220,420.0
13391,252.8822404417516
4505,144.9546400507733
2866,225.75680374101566
2997,343.3595597064843
4070,570.779715902961
11118,270.86728543541324
11574,353.41151730245485
595,821.6273210513393
5184,400.93761212632586
10408,427.03051488822393
10953,312.5996884960275
11913,689.0516511801582
8076,329.1549489603432
13683,1048.9468181583916
13224,1474.2312736341141
5329,382.6713777177349
62,950.0
6956,1608.4117339732297
6602,402.38192401556233
4581,180.0
11536,286.08352372571153
7478,802.8668787284388
11167,283.9108357433855
11656,345.11237990071027
9203,317.2099519064366
10885,314.80287570907154
13998,1271.6378861955413
10019,182.47664529565247
5206,346.5584550322866
12404,487.13208092788096
959,598.1453004368841
4839,458.34554822344927
1514,373.80056852886435
2291,231.73711766614704
4218,979.860967202806
5310,598.0333617773576
1480,354.7722004151845
7655,1722.910359297315
13401,345.39956264054086
6339,750.0
4672,868.6527254373232
10439,349.0363703713274
2956,693.0928024128671
7143,638.0394011942716
9685,343.53731220227996
2981,751.8898922930965
4334,1001.5263384049772
9003,1136.8973959671712
13940,300.0
11196,1271.7777925123087
10255,576.0809735665918
11888,375.67953568849236
6662,500.0928751871821
12743,587.250188390575
11101,255.84947483720617
128,950.0
10732,174.4227274177207
5107,367.50778872748856
10616,484.23117909480413
3356,980.502840603623
12107,329.644261902035
6799,1025.6803890226793
4232,312.54288050146977
12484,353.24236963656153
7108,248.68977456431236
6271,508.81366482231647
9351,677.8039653552871
6150,530.1278039524971
276,592.05987306283
9610,977.6517295194734
13764,368.668218669884
1273,511.62543355662604
12292,214.16409425127736
8441,490.1093820834615
13819,298.72077037108807
7092,189.03619559842932
1898,534.6270951934266
12657,275.0762469182911
5426,383.6101729968701
7086,434.06342901202584
6073,363.58449037365057
13851,230.50687543016176
6857,311.864403616808
11040,205.25617197384838
12698,338.0042270158416
2827,337.7849406577545
716,1434.5613424077474
12639,847.5220422847265
4601,335.9101879860907
1119,779.7844826588633
3709,737.5960819536119
3059,982.7257289227114
9403,891.7579613185958
12556,394.394595813357
4460,356.9467771021669
2317,318.67653797440926
5235,522.8004552965255
12402,318.1458283604584
11901,324.54762636995974
6922,305.18355306374013
10904,286.8244830318977
11909,370.38841418926717
8676,403.2037510031936
11346,817.2107465800823
11020,402.8990567435002
12703,276.07092101781836
3012,549.5455137829813
8315,701.6214148200587
7459,249.8549962156116
9989,1699.9835745133523
9309,664.0822741592569
1865,250.0
8396,1208.873717258626
2996,482.46915513022117
12041,484.2883167436571
6474,283.116112869303
12634,1059.8307124044618
13575,266.7177879044163
734,919.13878285131
13932,230.0
9293,319.96412613460825
2458,253.39439722967666
7531,448.5583877093876
9113,932.2587672817281
11563,908.3845082162175
12194,326.35729168686885
5750,651.6179472883479
12968,565.4221168728265
3551,198.1725186758893
9471,651.7756753379247
3711,309.46170654778115
7034,499.842816482172
4119,519.9353143248337
7603,275.63375730284895
5834,290.9153856975759
4025,450.0
14064,855.4428973074416
4926,429.0617679889578
6336,902.7606343907888
9000,644.3728282973888
9463,714.8221298952402
4356,294.89691130697815
12780,596.2399210087792
13320,440.5844811457521
3510,1596.3204729557715
6876,1451.4778796771275
4078,219.23144215241612
11635,1268.9682821864412
12154,966.9567335581655
5793,406.71974221857573
7304,1183.275224934036
12161,415.905174895917
10724,1459.0274182234434
1794,812.6733787027546
1693,566.0713411761573
4258,683.1879499137988
13204,339.98415092160553
6619,1118.5604395003759
494,1100.0
13709,660.6740108098014
158,430.0
9949,439.91004944905103
12338,357.13899721831694
6278,605.3093770544504
6385,533.1060878198217
12607,1094.3966329357718
10997,1742.8433315240516
2288,231.73711766614704
6729,315.982328534823
3845,911.2801397680366
966,441.51457825325133
13736,248.1546859415975
11025,746.8853005509787
2253,771.3691104785237
8194,900.0913536272617
2579,254.69395348438957
439,527.4699069538957
3323,286.42875917531455
8222,130.0
1615,350.0
5654,782.0542029656986
3685,1000.0
3753,462.81229355945334
12193,298.86074951394767
12185,143.31218607501506
13421,526.4893040882841
468,275.66650144831374
6873,1055.7226724703419
757,262.55795017569386
10968,331.9197470845806
4623,1035.6946535412965
2689,954.8400587580909
1091,822.212385612688
12276,450.7044325976641
10241,606.8398589115386
11271,512.0830557553893
11625,368.0328136324446
7140,982.1335486000742
1375,230.0
5273,608.9519621716936
1863,537.0103570170921
8980,237.4807901261252
5130,367.5759403103957
3729,1505.2368794672302
11585,222.10497857985226
12320,142.2873518267576
12702,1069.194238671278
1879,319.50892567913127
13639,385.4070467017742
13443,273.3951702987808
8960,279.8596993147618
1120,547.1919008748961
4485,457.80535540891697
12151,236.47215120083428
3955,553.183160185103
12732,905.1986171823559
5548,393.97755205096126
11255,1239.2845567971976
10510,631.3258312034984
13279,493.13574800276297
10802,397.00081082263375
12597,845.8146872022523
3077,265.7161182193085
1433,288.35740739764105
11558,283.4404444464618
10224,447.17366253877003
5358,626.4658406025849
5475,596.5217794833434
2175,313.81189621426034
3718,481.5515967489654
2103,1300.5679391733142
4148,582.8715584559541
13514,830.8541029908567
2657,630.0
9234,498.0029832998259
1935,493.7171183433402
9248,320.5251224438995
2953,929.5377832705822
10073,383.7860860451756
5816,428.18403361674444
7853,691.4748927484726
6502,279.41688761342925
9384,294.86974792007663
10063,1081.7631630225846
10987,131.03918806170594
759,251.13309636970106
9574,635.8440555811353
830,422.57863622092543
3932,1195.6464424181793
7329,600.0
5810,338.78090517353206
5924,426.03174210855593
12294,555.39788862205
2448,233.54806442904516
11038,717.2754506510098
9237,541.0444625433391
11607,360.0
8661,273.22457108002243
5557,470.273839022027
10276,248.14814340693283
5590,685.0303813786786
11200,810.2305443768151
11157,227.00727172698237
4195,539.0217086634991
6007,695.7438814877755
11551,131.08405604452471
1460,493.4158582936507
6787,611.3608321031836
7541,650.7375245599762
6913,400.0
13622,430.38091783320056
7334,478.4666487313659
7260,276.39609082335835
3078,342.6511927317272
11397,324.28980749734535
6914,1300.0
2674,900.0
135,250.0
7801,824.0635388152263
13953,280.0
13211,240.0
2930,365.1095150724634
9704,1408.6910062962245
3890,569.2653653503266
800,674.4411498326484
7933,382.306759580863
8129,306.68986393167125
8905,540.526033496891
428,256.987952360171
11205,580.9145158341641
5373,636.1885915392419
7508,536.2381644334428
12599,762.7757380242557
7699,198.54667943890556
12619,149.51027951461924
5903,298.7489459162838
1256,822.0
3276,277.5290481668991
6077,332.15429766167324
8627,173.1474075198197
4882,799.3937489894984
5419,245.10230951796188
11296,2087.5731696598023
2319,1054.0657565990323
9920,340.5446180517506
5153,529.2796987389423
8974,1353.0425814602531
3038,990.9697755034408
4830,1693.913018060638
9648,240.0
9181,545.1346636933761
4827,565.3664582250615
10821,413.9415928080529
8583,456.9373588644612
11966,368.3627534331198
6946,414.8577603574881
11469,561.6548021127978
3306,283.51596531311293
382,451.6258668929329
9743,767.2244119670274
3528,414.5457524922774
2789,323.7680505306077
13754,429.12844328970476
1,250.0
6597,412.50961884613594
3061,784.0650803749396
4961,629.9739512160527
7733,314.0391646375188
3313,965.1422605705585
11900,330.0
13282,380.0251004198629
10244,352.2488327307358
7021,775.2633974661089
5406,394.14511980484446
5258,416.96692232120233
7977,160.76021719082797
9027,855.6454073815382
8726,381.9374738159376
13011,688.8863141055731
2019,579.7741021249589
6386,343.158413102426
13696,366.7946539098732
4954,592.8095351898685
6322,606.3766660303293
11141,363.4413902951785
7745,397.5397831267968
5051,430.6275702381081
12617,363.9333650269832
6376,956.0914547110485
9282,405.08408686308275
5503,982.5213249955098
13097,218.6057973296861
10147,397.41174630124556
4666,436.45549938941514
7400,578.8488750749748
3155,785.5196047772824
5614,597.3773641317712
217,220.0
5220,441.2572346138819
4630,196.49997771222735
7896,398.3029330682074
8537,380.24434341694814
3922,307.40512503237835
867,293.8104988108047
11666,297.9215204780131
44,550.0
18,285.0
12374,285.93809565101867
8584,1347.1288943504912
1884,376.2852365928851
3706,719.8443341953196
10155,1311.9094601640354
3708,935.2785671315189
12938,450.13258891534844
5146,777.2367293138633
8962,817.293362338123
7887,285.0520487149884
11928,302.8711912734145
8481,566.6838335504417
3326,386.6448875760168
12725,357.8816442685542
9617,687.4246583777517
10977,1029.3783324467176
5848,2776.0630850357957
13112,1179.4788644145588
11185,424.0376214098054
7954,395.6558890264894
13125,320.0
5844,374.08841035468504
260,443.5346254486689
9734,180.0
444,340.9340491995681
8655,357.4403693914587
6965,790.8638368198112
9485,537.8529751653502
533,703.8650964828787
6919,300.0
11611,357.22331025375144
10382,967.5948944069445
11361,204.27641151446565
13656,792.5687543174615
12004,865.3765784177419
12946,334.15053705813983
431,241.40935375295345
5679,385.1053567041752
4439,344.415911459212
2329,1140.435585042947
9729,566.1114798901349
8825,375.0
578,520.727440892837
13111,1582.971479826418
7045,332.15441819327583
8178,471.7710786777456
5187,251.5448630473353
8067,298.07630379795336
13608,2108.727125172572
1699,622.405683625639
762,441.5903532028051
12254,280.1219753599331
797,432.1446961642948
4752,451.8172488074029
9971,349.7581048717431
7504,678.7579739715846
6174,1119.5643352675418
4383,230.0
12994,1020.9892649394812
11772,860.5299706654981
11565,637.3920679732591
2547,531.6138608913795
1942,959.1818660433044
4082,396.8124612144095
14059,600.1169357340775
6557,365.12963248916856
6326,450.0
5438,307.64008334832056
3069,1004.5309392013305
10291,266.60555780042523
5839,300.0650579071343
14028,800.0
7866,262.61100035587674
8760,420.85552951002103
10676,379.88554262633687
592,250.2779251703416
4788,784.9138537012318
9252,403.67942614345577
3298,285.6762859735075
1042,412.6713649064541
6904,1069.267941895796
9020,264.9123014838037
2518,340.5543995357991
2222,410.7878957417668
7780,264.0951667362037
9256,1585.356383383732
10096,480.1935127914855
6301,421.5009705558438
6504,250.41437471162936
12531,627.5156851536638
9212,221.08309889349596
9396,1275.7085965950962
961,642.835178730214
3590,413.5645685998527
6087,400.0567682396914
11433,351.33022329948847
3774,702.1685563928363
884,406.1396025532208
4547,918.449862464019
8299,303.65800328396995
10385,1246.459591988135
9346,991.0336549253208
4685,681.8595774081784
7526,388.97371473210046
6780,1227.118317598886
8815,329.21321095671374
11414,338.35737428721217
1836,481.7962547140986
6930,151.3594664954627
7361,426.4876128095973
3785,236.1302781325209
8371,190.29058848596037
12957,279.1752949080108
2451,400.78557855108454
12297,431.2116048378106
7437,381.971633607443
11288,1077.5506593298032
5716,472.4205239834232
7173,302.3831586821118
12210,497.30753443621376
6943,1781.3496381087577
13394,819.5602805206672
1161,1100.6307593217396
14105,1039.8876692997833
8977,1193.4792918741205
12400,1375.9917273070087
11309,482.776141551338
6211,314.31376740759333
2155,324.2129455490865
1459,565.1010569129073
1207,210.0
8345,359.003280554145
11142,352.63011619571836
2743,487.4474961612958
8732,317.47040600707595
5045,504.65649741119114
12550,640.6457808814494
10565,352.5097932813113
13870,425.04249300744095
7895,223.0875329113636
4786,596.6541114747329
6168,400.95760026150367
1148,216.72627449535025
7071,208.15554208501584
13590,242.11907856529714
8414,335.5011814754228
3290,397.85335185146045
9480,534.1341668606109
12072,461.6344248890724
7800,315.93563590977084
1887,468.3800543168058
624,952.559826630361
6519,779.6263855599664
1340,413.1097531659029
13947,208.43339941044778
8840,982.5110407086063
3324,280.90126907388293
4245,492.81904069393033
3081,293.40532813302593
12749,231.98610863327696
10733,174.4227274177207
1502,412.4673948333125
11975,1073.4879050849743
3425,337.360434615112
6785,469.12394428690936
3496,463.9113325434204
4090,914.2313753106587
10411,832.2131530644099
13725,247.09694890350744
13359,276.5110495900899
7975,377.6604445049044
6348,960.426819781639
8367,394.6654770695302
11593,873.3957028101041
7175,351.27018353771354
6320,432.4144371067588
9239,633.0183163664146
11941,979.4515845556018
10877,591.0336092311406
8427,525.8696505625348
8162,417.14589549523146
11335,409.7907727248926
10157,567.5771290969441
11213,263.30637720630307
12740,143.81536651523075
6183,320.7726195230313
8611,291.6997390860498
3039,610.7497422823803
8243,1589.2512387443112
8397,385.9258623076207
4476,550.0
5398,384.4857815297677
1473,323.47487309826624
13569,747.0611011305695
10412,560.1628019710831
9318,360.0
5713,307.277692503454
3370,416.3657140235939
850,471.1688587514277
4864,894.598718196205
3388,1174.7770899793886
6979,527.3835849033613
8984,508.6613970354153
10167,717.8791105617385
2211,489.3146833987955
3563,245.55691876747755
579,873.4309234686821
11203,799.3895136649899
1512,339.26827833667124
6648,849.210094046194
12647,330.72219944373006
3376,1091.9792121081045
11677,581.0943710236786
11116,205.33727096526593
415,785.0135921875037
7302,399.25789170137534
11784,1168.400299293558
6179,243.52121932460727
5016,245.8017610393868
427,462.9812920988059
11294,624.8607225776386
622,390.35404885285107
2095,243.128019966195
11039,269.7743938521646
8956,1366.0165647283252
6818,452.8069198507842
2381,1461.121574264072
7542,348.326013037363
2341,497.07766504806693
4534,762.3063551648419
266,281.33875879140413
6102,252.3442038625571
9951,1216.0748004938864
8833,547.9667847826184
10978,278.83281709501665
11728,300.0
5332,234.47138314428693
5814,462.5700229570406
14031,535.5525030689766
6700,544.2416771574507
5618,408.11288993147264
10150,288.1663490189746
8024,552.4787597104477
12440,250.27648743831259
2089,286.75794294752654
13605,277.99905803011336
2143,714.637152635644
4631,606.1952098325969
10400,343.62869651878714
4478,470.9043156882975
1083,597.6722110094787
1672,690.0782698690346
3422,130.46694821075056
3746,832.1223864197726
12527,561.5264831904313
3843,441.2374185992585
12956,332.4029565785245
10844,160.23230583419522
1504,461.4514587393337
9675,200.5941789700313
1972,250.0654795195971
5181,327.95400206065796
2609,350.0
8210,150.0
12590,568.9122017018652
8325,379.0535524459524
317,527.8457730086936
3747,802.9791572531777
695,820.2159933161715
13566,289.17976516748985
11987,323.8454522881419
6852,458.6021556334903
3586,416.11407696340075
6663,407.9764386485701
11978,667.9479091097633
2967,866.3557392876417
4644,1184.6854842371927
12021,334.6152990665126
11559,271.3288603173359
7279,339.83593980877987
3095,491.64902686399245
2883,281.567326278563
12885,346.6946677271196
3269,253.13564735550625
5350,1080.710237910879
12167,1303.8880100216113
10539,937.5781043970653
13799,363.3576894748791
3245,229.23361052879068
11399,674.3847669770296
7040,699.1049864576228
3101,640.7313246108291
7683,353.9209707791562
9016,352.18149673679125
11748,322.00550801862926
11259,613.3853120642691
1464,536.5451470344999
3838,960.984803177016
8577,873.9567621490444
377,350.0
9718,566.1114798901349
10718,396.3387975294148
2217,380.86487464408094
6730,839.699248990134
12281,300.0
13399,343.4028924797967
8226,221.7218107371678
11867,1197.9479472033756
9607,621.1441972500281
3820,881.3938440654119
12874,407.3912757318965
10372,557.9393351402265
5532,237.95213480799939
12637,574.2635229443105
4140,334.0763967131961
3232,465.63685918616966
2393,315.43382674955615
9388,120.48365783326963
10939,372.07017840934105
2485,323.4665580187126
8388,271.85036927368196
12907,470.45149043178463
8218,416.36134886765376
8048,473.6596505841403
2047,568.985885596609
5894,432.21425295296666
1255,325.0
953,625.7101369913692
8912,458.51522923943384
11087,865.9800969598216
12682,248.29565477175223
5091,248.81817545261987
3167,301.5547121840507
2933,622.6453182846088
7803,385.6685235108505
3410,282.35357256025554
9576,350.0
1719,494.5637014218951
10796,365.5480246192357
10022,364.4309252200324
8296,945.2484203733086
13307,1492.399691955952
12532,451.97536916798254
10892,374.6768917092372
11284,511.5216726278285
6744,386.83372455629
6596,415.3982731001895
5376,288.43217738485725
6014,351.2362571289307
13817,319.32928795207704
2565,274.0974413908435
10621,432.2944513653907
7417,534.6352392920076
10896,348.1971007862353
1537,423.7681285099374
1057,1582.156801957824
1147,381.0026657859938
10763,1322.9983151521042
1938,727.9005075679293
6178,388.66303176912845
1032,260.27822364309765
9439,259.6024697704966
8381,176.65671007201408
9940,987.1134535597755
10861,174.93003442091435
11992,370.0
6546,742.9090117578482
7862,690.6714105939604
7339,820.4085596321086
2544,401.4450324127365
97,1500.0
12712,227.7694041360749
13597,279.3899358062135
2475,348.87029421365116
2685,796.6218969152214
2523,283.8286074046829
2628,550.0
